<?xml version="1.0" encoding="UTF-8"?>

<game name="Spielmarkt 2012 Indoor" xmlformat="5">


	<mission type="StartAndExitScreen" id="Intro_1"
		image="drawable/start_screen.jpg" cancel="no" duration="interactive">
		<onEnd>
			<rule>
				<action type="StartMission" id="Intro_2" />
			</rule>
		</onEnd>
	</mission>
	
	<mission type="NPCTalk" id="Intro_2" charimage="drawable/logo.png"
		nextdialogbuttontext="Weiter ..." endbuttontext="Einleitung..."
		cancel="fail" name="Intro">
		<onEnd>
			<rule>
				<action type="StartMission" id="Intro_3" />
			</rule>
		</onEnd>
		<dialogitem>
			Ein herzliches Willkommen beim Spielmarkt 2012 in Remscheid!
		</dialogitem>	
		<dialogitem>
			Es freut uns, dass Ihr an unserem Demo-Quest teilnehmen wollt.
		</dialogitem>
	</mission>
	
	<mission type="NPCTalk" id="Intro_3" charimage="drawable/QRCode.png"
		nextdialogbuttontext="Weiter ..." endbuttontext="Quest beginnen..."
		cancel="fail" name="Einleitung">
		<onEnd>
			<rule>
				<action type="StartMission" id="Goblin_1" />
			</rule>
		</onEnd>
		<dialogitem>
			In dieser Demo sollt Ihr QRCodes im Gebäude finden.
		</dialogitem>	
		<dialogitem>
			Falls Ihr noch keine Erfahrung mit QRCodes habt, fragt bitte an unserem Stand nach Hilfe.
		</dialogitem>
		<dialogitem>
			Der freundliche Goblin Thognus wird Euch durch das Quest leiten.
		</dialogitem>	
		<dialogitem>
			Wir wünschen Euch viel Spaß und ein erfolgreiches Quest! :)
		</dialogitem>	
	</mission>
	
	<mission type="NPCTalk" id="Goblin_1" charimage="drawable/Goblin-Sad.png"
		nextdialogbuttontext="Weiter ..." endbuttontext="Suche den roten Drachen..."
		cancel="fail" name="Quest">	
		<onEnd>
			<rule>
				<action type="StartMission" id="QR-Drache-Rot" />
			</rule>
		</onEnd>
		<dialogitem speaker="Thognus">	
			Zum Glück seid Ihr da!
		</dialogitem>
		<dialogitem>
			Drei fiese Drachen haben mich überfallen und den Schlüssel zu meiner Schatztruhe gestohlen.
		</dialogitem>
		<dialogitem>
			Ihr müsst mir helfen den Schlüssel wieder zu finden.
		</dialogitem>		
		<dialogitem>
			Einer der Drachen war rot und ist zur Rezeption geflogen.
		</dialogitem>				
		<dialogitem>
			Lasst uns nachsehen, ob er noch da ist und den Schlüssel hat.
		</dialogitem>	
	</mission>
	
	<mission
		type="QRTagReading" id="QR-Drache-Rot" buttontext="QRCode scannen ..."
		taskdescription="Suche den roten Drachen ..."
		mode="product" initial_image="drawable/QRCode-rot.png" cancel="fail"
		expected_content="rot" if_wrong="Das ist nicht der rote Drache!"
		if_right="Ja, das ist der Drache! Los wir schnappen ihn uns!"
		>
		<onEnd>
			<rule>
				<action type="StartMission" id="NPC-Drache-Rot-1" />
			</rule>
		</onEnd>
	</mission>
	
	<mission type="NPCTalk" id="NPC-Drache-Rot-1" charimage="drawable/Dragon-Red.png"
		nextdialogbuttontext="Weiter ..." endbuttontext="Weiter..."
		cancel="fail" name="Mero">
		<onEnd>
			<rule>
				<action type="StartMission" id="NPC-Drache-Rot-2" />
			</rule>
		</onEnd>
		<dialogitem speaker="Mero">
			Hallo mein Name ist Mero! Was wollt ihr von mir?
		</dialogitem>		
	</mission>
	
	<mission type="NPCTalk" id="NPC-Drache-Rot-2" charimage="drawable/Goblin-Drache-Rot.png"
		nextdialogbuttontext="Weiter ..." endbuttontext="Weiter..."
		cancel="fail" name="Mero">
		<onEnd>
			<rule>
				<action type="StartMission" id="QA-Drache-Rot" />
			</rule>
		</onEnd>
		<dialogitem speaker="Thognus">
			Gib mir sofort meinen Schlüssel wieder!
		</dialogitem>		
		<dialogitem speaker="Mero">
			Den bekommt Ihr erst, wenn Ihr mir eine Frage richtig beantwortet.
		</dialogitem>
		<dialogitem speaker="Thognus">
			Na gut, was willst du wissen?
		</dialogitem>
	</mission>
	
	<mission type="QuestionAndAnswer" id="QA-Drache-Rot" name="Roter Drache"
			correctAnswersNeeded="1" shuffle="answers" cancel="fail">
		<onEnd>
			<rule>
				<if>
					<missionState id="QA-Drache-Rot" state="success" />
				</if>
				<action type="StartMission" id="NPC-Drache-Rot-3" />
			</rule>
			<rule>
				<if>
					<not> <missionState id="QA-Drache-Rot" state="success" /> </not>
				</if>
				<action type="StartMission" id="QA-Drache-Rot" />				
			</rule>
		</onEnd>
		<question>
			<questiontext>
				Ein Drache kann 333 Meter groß werden und ich hab schon 2/3 davon geschafft. Wie groß bin ich?
            </questiontext>
			<answer correct="0"
				onChoose="So klein war ich als Teendrache.">
				111 Meter
            </answer>
			<answer correct="1"
				onChoose="Super, das ist richtig! Ich hab es hier wohl mit Drachenprofis zu tun!">
				222 Meter
            </answer>
			<answer correct="0" onChoose="Ich glaube Ihr braucht eine Brille! Ich bin doch keine Maus!">
				5 Zentimeter
            </answer>
		</question>
	</mission>
	
	<mission type="NPCTalk" id="NPC-Drache-Rot-3" charimage="drawable/Dragon-Red.png"
		nextdialogbuttontext="Weiter ..." endbuttontext="Weiter..."
		cancel="fail" name="Mero">
		<onEnd>
			<rule>
				<action type="StartMission" id="NPC-Drache-Gruen-1" />
			</rule>
		</onEnd>
		<dialogitem speaker="Mero">
			Leider habe ich den Schlüssel nicht mehr!
		</dialogitem>		
		<dialogitem>
			Mein Bruder ist mir mit seiner Krücke auf den Schwanz getreten und hat mir den Schlüssel weggenommen.
		</dialogitem>
		<dialogitem>
			Er ist grün und mag Aufzüge. Am liebsten guckt er den Türen beim Öffnen und Schließen zu.
		</dialogitem>
		<dialogitem>
			Viel Glück bei der Suche!
		</dialogitem>
	</mission>
	
	<mission type="NPCTalk" id="NPC-Drache-Gruen-1" charimage="drawable/Goblin-Sad.png"
		nextdialogbuttontext="Weiter ..." endbuttontext="Weiter..."
		cancel="fail" name="Mero">
		<onEnd>
			<rule>
				<action type="StartMission" id="QR-Drache-Gruen" />
			</rule>
		</onEnd>
		<dialogitem speaker="Thognus">
			Oh nein! Ich habe mich schon so auf den Schlüssel gefreut!
		</dialogitem>
		<dialogitem>
			Auf geht's! Lasst uns nun den grünen Drachen suchen.
		</dialogitem>		
	</mission>
	
	<mission
		type="QRTagReading" id="QR-Drache-Gruen" buttontext="QRCode scannen ..."
		taskdescription="Suche den grünen Drachen ..."
		mode="product" initial_image="drawable/QRCode-gruen.png" cancel="fail"
		expected_content="gruen" if_wrong="Das ist nicht der grüne Drache!"
		if_right="Wir haben ihn gefunden! Auf ihn mit Gebrüll!"
		>
		<onEnd>
			<rule>
				<action type="StartMission" id="NPC-Drache-Gruen-2" />
			</rule>
		</onEnd>
	</mission>
	
	<mission type="NPCTalk" id="NPC-Drache-Gruen-2" charimage="drawable/Dragon-Green.png"
		nextdialogbuttontext="Weiter ..." endbuttontext="Weiter..."
		cancel="fail" name="Squlu">
		<onEnd>
			<rule>
				<action type="StartMission" id="NPC-Drache-Gruen-3" />
			</rule>
		</onEnd>
		<dialogitem speaker="Squlu">
			Hallo, mein Name ist Squlu! Wieso stört Ihr mich hier?
		</dialogitem>		
	</mission>
	
	<mission type="NPCTalk" id="NPC-Drache-Gruen-3" charimage="drawable/Goblin-Drache-Gruen.png"
		nextdialogbuttontext="Weiter ..." endbuttontext="Weiter..."
		cancel="fail" name="Squlu">
		<onEnd>
			<rule>
				<action type="StartMission" id="QA-Drache-Gruen" />
			</rule>
		</onEnd>
		<dialogitem speaker="Thognus">
			Her mit meinem Schlüssel!
		</dialogitem>		
		<dialogitem speaker="Squlu">
			So einfach gebe ich deinen Schlüssel nicht her!
		</dialogitem>
		<dialogitem speaker="Thognus">
			Oh nein! Wieso denn nicht?
		</dialogitem>
		<dialogitem speaker="Squlu">
			Du bekommst ihn erst dann, wenn du die folgende Frage richtig beantwortest!
		</dialogitem>
	</mission>	
	
	<mission type="QuestionAndAnswer" id="QA-Drache-Gruen" name="Grüner Drache"
			correctAnswersNeeded="1" shuffle="answers" cancel="fail">
		<onEnd>
			<rule>
				<if>
					<missionState id="QA-Drache-Gruen" state="success" />
				</if>
				<action type="StartMission" id="NPC-Drache-Gruen-4" />
			</rule>
			<rule>
				<if>
					<not> <missionState id="QA-Drache-Gruen" state="success" /> </not>
				</if>
				<action type="StartMission" id="QA-Drache-Gruen" />				
			</rule>
		</onEnd>
		<question>
			<questiontext>
				Meine Schuppenfarbe ist grün. Aus welchen zwei Grundfarben kann sie gemischt werden?
            </questiontext>
			<answer correct="0"
				onChoose="Nö, lila bin ich nicht!">
				Rot, Blau
            </answer>
			<answer correct="1"
				onChoose="Genau! Gelb und Blau ergeben Grün.">
				Gelb, Blau
            </answer>
			<answer correct="0" onChoose="Also orange bin ich nun wirklich nicht!">
				Gelb, Rot
            </answer>
		</question>
	</mission>
	
	<mission type="NPCTalk" id="NPC-Drache-Gruen-4" charimage="drawable/Dragon-Green.png"
		nextdialogbuttontext="Weiter ..." endbuttontext="Weiter..."
		cancel="fail" name="Squlu">
		<onEnd>
			<rule>
				<action type="StartMission" id="NPC-Drache-Blau-1" />
			</rule>
		</onEnd>
		<dialogitem speaker="Squlu">
			Blöderweise habe ich den Schlüssel nicht mehr.
		</dialogitem>		
		<dialogitem>
			Mein gefräßiger Bruder hat mir ein Bein gestellt und ist mit dem Schlüssel abgehauen.
		</dialogitem>
		<dialogitem>
			Wenn Ihr Glück habt, dann hat er ihn noch nicht gegessen.
		</dialogitem>		
		<dialogitem>
			Er ist blau und er liebt Schokoriegel und Softdrinks. Falls es hier einen Ort gibt, wo man beides bekommt, dann 
			findet Ihr ihn dort.
		</dialogitem>
		<dialogitem>
			Viel Erfolg bei Eurer Suche!
		</dialogitem>
	</mission>
	
	<mission type="NPCTalk" id="NPC-Drache-Blau-1" charimage="drawable/Goblin-Sad.png"
		nextdialogbuttontext="Weiter ..." endbuttontext="Weiter..."
		cancel="fail" name="Squlu">
		<onEnd>
			<rule>
				<action type="StartMission" id="QR-Drache-Blau" />
			</rule>
		</onEnd>
		<dialogitem speaker="Thognus">
			Das ist nicht fair! Ich hab euch ja schon gesagt, dass die Drachen fies sind.
		</dialogitem>
		<dialogitem>
			Wir müssen den blauen Drachen unbedingt finden, bevor er den Schlüssel frisst.
		</dialogitem>		
	</mission>
	
	<mission
		type="QRTagReading" id="QR-Drache-Blau" buttontext="QRCode scannen ..."
		taskdescription="Suche den blauen Drachen ..."
		mode="product" initial_image="drawable/QRCode-blau.png" cancel="fail"
		expected_content="blau" if_wrong="Das ist nicht der blaue Drache!"
		if_right="Ja, wir haben ihn! Schnappen wir ihn uns bevor er wegläuft!"
		>
		<onEnd>
			<rule>
				<action type="StartMission" id="NPC-Drache-Blau-2" />
			</rule>
		</onEnd>
	</mission>
	
	<mission type="NPCTalk" id="NPC-Drache-Blau-2" charimage="drawable/Dragon-Blue.png"
		nextdialogbuttontext="Weiter ..." endbuttontext="Weiter..."
		cancel="fail" name="Egloc">
		<onEnd>
			<rule>
				<action type="StartMission" id="NPC-Drache-Blau-3" />
			</rule>
		</onEnd>
		<dialogitem speaker="Egloc">
			Hallo, ich bin Egloc! Müsst Ihr mich unbedingt beim Grillen stören?
		</dialogitem>		
	</mission>

	<mission type="NPCTalk" id="NPC-Drache-Blau-3" charimage="drawable/Goblin-Drache-Blau.png"
		nextdialogbuttontext="Weiter ..." endbuttontext="Weiter..."
		cancel="fail" name="Egloc">
		<onEnd>
			<rule>
				<action type="StartMission" id="QA-Drache-Blau" />
			</rule>
		</onEnd>
		<dialogitem speaker="Thognus">
			Die anderen Drachen hatten meinen Schlüssel nicht, also musst du ihn haben. Her damit!
		</dialogitem>		
		<dialogitem speaker="Egloc">
			Ja, ich habe deinen Schlüssel. Den bekommst Ihr aber erst, wenn Ihr mir eine Frage beantwortet.
		</dialogitem>
		<dialogitem speaker="Thognus">
			Na los, frag schon!
		</dialogitem>
	</mission>	
	
	<mission type="QuestionAndAnswer" id="QA-Drache-Blau" name="Grüner Drache"
			correctAnswersNeeded="1" shuffle="answers" cancel="fail">
		<onEnd>
			<rule>
				<if>
					<missionState id="QA-Drache-Blau" state="success" />
				</if>
				<action type="StartMission" id="NPC-Drache-Blau-4" />
			</rule>
			<rule>
				<if>
					<not> <missionState id="QA-Drache-Blau" state="success" /> </not>
				</if>
				<action type="StartMission" id="QA-Drache-Blau" />				
			</rule>
		</onEnd>
		<question>
			<questiontext>
				Was ist meine Leibspeise?
            </questiontext>
			<answer correct="0"
				onChoose="Nö, Würstchen esse ich nur wenn es nichts anderes gibt.">
				Würstchen
            </answer>
			<answer correct="1"
				onChoose="Genau! Die esse ich am liebsten!">
				Schokoriegel
            </answer>
			<answer correct="0" onChoose="Die mag ich nicht!">
				Äpfel
            </answer>
		</question>
	</mission>
	
	<mission type="NPCTalk" id="NPC-Drache-Blau-4" charimage="drawable/Dragon-Blue.png"
		nextdialogbuttontext="Weiter ..." endbuttontext="Weiter..."
		cancel="fail" name="Egloc">
		<onEnd>
			<rule>
				<action type="StartMission" id="NPC-Schluessel-1" />
			</rule>
		</onEnd>
		<dialogitem speaker="Egloc">
			Na gut, hier habt ihr den Schlüssel.
		</dialogitem>	
		<dialogitem>
			Ich mag ihn sowieso nicht mehr haben. Der schmeckt nicht gut!
		</dialogitem>			
	</mission>
	
	<mission type="NPCTalk" id="NPC-Schluessel-1" charimage="drawable/Gold-Key.png"
		nextdialogbuttontext="Weiter ..." endbuttontext="Weiter..."
		cancel="fail" name="Squlu">
		<onEnd>
			<rule>
				<action type="StartMission" id="QR-Schatztruhe" />
			</rule>
		</onEnd>
		<dialogitem speaker="Thognus">
			Endlich, ich habe meinen Schlüssel wieder!
		</dialogitem>
		<dialogitem>
			Kommt mit zum Startpunkt, da ist meine Schatztruhe.		
		</dialogitem>
		
	</mission>
	
	<mission
		type="QRTagReading" id="QR-Schatztruhe" buttontext="QRCode scannen ..."
		taskdescription="Suche die Schatztruhe!"
		mode="product" initial_image="drawable/QRCode.png" cancel="fail"
		expected_content="schatztruhe" if_wrong="Das ist keine Schatztruhe!"
		if_right="Ja, das ist sie!"
		>
		<onEnd>
			<rule>
				<action type="StartMission" id="NPC-Schatz" />
			</rule>
		</onEnd>
	</mission>
		
	<mission type="NPCTalk" id="NPC-Schatz" charimage="drawable/Schatztruhe.png"
		nextdialogbuttontext="Weiter ..." endbuttontext="Ende..."
		cancel="fail" name="Ende">
		<onEnd>
			<rule>
				<action type="EndGame" />
			</rule>
		</onEnd>
		<dialogitem speaker="Thognus">
			Vielen Dank, dass Ihr mir geholfen habt! Ohne Euch hätte ich die Fragen nicht beantworten können.
		</dialogitem>
		<dialogitem>
			Mit dem Code 232 könnt Ihr die Schatztruhe öffnen und Euch ein kleine Überraschung herausnehmen.
		</dialogitem>		
	</mission>
	
</game>
