<?xml version="1.0" encoding="UTF-8"?>

<game name="Über die Wupper gegangen - Demo" xmlformat="5">

	<mission type="StartAndExitScreen" id="Intro_1"
		image="drawable/start_screen.jpg" cancel="no" duration="interactive">
		<onEnd>
			<rule>
				<action type="StartMission" id="Intro_2" /> 
			</rule>
		</onEnd>
	</mission>

	<mission type="NPCTalk" id="Intro_2" charimage="drawable/Schatzkarte-0.png"
		nextdialogbuttontext="Weiter ..." endbuttontext="Caching starten..."
		cancel="fail" name="Intro">
		<onEnd>
			<rule>
				<action type="StartMission" id="Map_Mission" />
			</rule>
		</onEnd>
		<dialogitem>
			Ein herzliches Willkommen beim Spielmarkt 2012 in
			Remscheid!
		</dialogitem>
		<dialogitem>
			Es freut uns, dass Ihr an unserer GeoCaching Demo
			teilnehmen wollt.
		</dialogitem>
		<dialogitem>
			Das Ziel beim GeoCaching ist es die Koordinaten eines
			Schatzes zu bestimmen und diesen zu finden.
		</dialogitem>
		<dialogitem>
			Das obere Bild zeigt die Koordinaten des gesuchten
			Schatzes.
		</dialogitem>
		<dialogitem>
			Die roten Buchstaben stehen für fehlende Zahlen in den
			Koordinaten, die Ihr Euch noch erarbeiten müsst.
		</dialogitem>
		<dialogitem>
			Begebt Euch nun zu der roten Fahne auf der Karte. Dort
			findet Ihr das erste Rätsel.
		</dialogitem>
	</mission>

	<mission type="QuestionAndAnswer" id="Station_1_1" name="Station 1"
		correctAnswersNeeded="1" shuffle="answers" cancel="fail">
		<onStart>
			<rule>
				<action type="Vibrate" />
			</rule>
		</onStart>
		<onEnd>
			<rule>
				<if>
					<missionState id="Station_1_1" state="success" />
				</if>
				<action type="StartMission" id="Station_1_2" />
			</rule>
			<rule>
				<if>
					<not>
						<missionState id="Station_1_1" state="success" />
					</not>
				</if>
				<action type="StartMission" id="Station_1_1" />
			</rule>
		</onEnd>
		<question>
			<questiontext>
				Hier wird es rätselhaft! Bevor ihr auf den Wanderweg
				nach links abbiegt, schaut,
				welche Bezeichnung er hat und wählt sie unten aus.
			</questiontext>
			<answer correct="0"
				onChoose="Das stimmt leider nicht. Schaut noch einmal nach!">
				A3
			</answer>
			<answer correct="0"
				onChoose="Das stimmt leider nicht. Guckt noch einmal genauer hin!">
				A1
			</answer>
			<answer correct="1" onChoose="Das ist richtig!">
				A9
			</answer>
		</question>
	</mission>

	<mission type="NPCTalk" id="Station_1_2" charimage="drawable/Schatzkarte-1.png"
		nextdialogbuttontext="Weiter ..." endbuttontext="Caching fortfahren..."
		cancel="fail" name="Station 1">
		<onStart>
			<rule>
				<action type="Vibrate" />
				<action type="SetHotspotVisibility" id="HS_Station_1"
					visible="false" />
				<action type="SetHotspotVisibility" id="HS_Final" visible="true" />
				<action type="SetHotspotVisibility" id="HS_Final_Help"
					visible="true" />				
				
<!--				
				<action type="SetHotspotVisibility" id="HS_Station_2"
					visible="true" />
-->
			</rule>
		</onStart>
		<dialogitem>
			Super! Ihr habt die Zahl für den roten Buchstaben A
			erraten und seid dem
			Schatz nun ein Stückchen näher. Sucht nun die nächste Fahne auf 
			der Karte und begebt Euch dort hin.
		</dialogitem>
	</mission>

	<mission type="QuestionAndAnswer" id="Station_2_1" name="Station 2"
		correctAnswersNeeded="1" shuffle="answers" cancel="fail">
		<onStart>
			<rule>
				<action type="Vibrate" />
			</rule>
		</onStart>
		<onEnd>
			<rule>
				<if>
					<missionState id="Station_2_1" state="success" />
				</if>
				<action type="StartMission" id="Station_2_2" />
			</rule>
			<rule>
				<if>
					<not>
						<missionState id="Station_2_1" state="success" />
					</not>
				</if>
				<action type="StartMission" id="Station_2_1" />
			</rule>
		</onEnd>
		<question>
			<questiontext>
				Schaut Euch die Infotafel an.
				An welchem Datum wurde der letzte Niet in die Brücke
				geschlagen?
				Die Quersumme der ersten beiden Ziffern des Datums _ _.
				03. 1897
				liefert den nächsten Hinweis.
			</questiontext>
			<answer correct="0"
				onChoose="Das stimmt leider nicht. Guckt euch die Tafel genauer an! Eure Zahl ist viel zu hoch.">
				8
			</answer>
			<answer correct="0"
				onChoose="Das stimmt leider nicht. Ihr habt wohl das falsche Datum erwischt. Eure Zahl ist zu hoch.">
				6
			</answer>
			<answer correct="1" onChoose="Das ist richtig!">
				4
			</answer>
		</question>
	</mission>

	<mission type="NPCTalk" id="Station_2_2" charimage="drawable/Schatzkarte-2.png"
		nextdialogbuttontext="Weiter ..." endbuttontext="Caching fortfahren..."
		cancel="fail" name="Station 2">
		<onStart>
			<rule>
				<action type="Vibrate" />
				<action type="SetHotspotVisibility" id="HS_Station_2"
					visible="false" />
				<action type="SetHotspotVisibility" id="HS_Station_3"
					visible="true" />
			</rule>
		</onStart>
		<dialogitem>
			Super, Ihr habt den roten Buchstaben B aufgedeckt! 
			Geht nun zur nächsten Fahne auf der Karte.
		</dialogitem>
	</mission>

	<mission type="QuestionAndAnswer" id="Station_3_1" name="Station 3"
		correctAnswersNeeded="1" shuffle="answers" cancel="fail">
		<onStart>
			<rule>
				<action type="Vibrate" />
			</rule>
		</onStart>
		<onEnd>
			<rule>
				<if>
					<missionState id="Station_3_1" state="success" />
				</if>
				<action type="StartMission" id="Station_3_2" />
			</rule>
			<rule>
				<if>
					<not>
						<missionState id="Station_3_1" state="success" />
					</not>
				</if>
				<action type="StartMission" id="Station_3_1" />
			</rule>
		</onEnd>
		<question>
			<questiontext>
				Schaut Euch die Infotafel an.
				Wieviele gelbe Wörter,
				incl. Überschrift, gibt es auf der linken Seite der
				Tafel?
			</questiontext>
			<answer correct="0"
				onChoose="Das stimmt leider nicht. Zählt noch einmal nach! Es sind weniger Wörter.">
				9
			</answer>
			<answer correct="0"
				onChoose="Das stimmt leider nicht. Wenn Ihr richtig zählt, werdet Ihr feststellen, dass es mehr Wörter sind.">
				5
			</answer>
			<answer correct="1" onChoose="Das ist richtig!">
				7
			</answer>
		</question>
	</mission>

	<mission type="NPCTalk" id="Station_3_2" charimage="drawable/Schatzkarte-3.png"
		nextdialogbuttontext="Weiter ..." endbuttontext="Caching fortfahren..."
		cancel="fail" name="Station 3">
		<onStart>
			<rule>
				<action type="Vibrate" />
				<action type="SetHotspotVisibility" id="HS_Station_3"
					visible="false" />
				<action type="SetHotspotVisibility" id="HS_Station_4"
					visible="true" />
			</rule>
		</onStart>
		<dialogitem>
			Super! Der rote Buchstabe C ist nun auch aufgedeckt. Die
			Hälfte habt Ihr schon geschafft. Auf geht's zur nächsten Fahne.
		</dialogitem>
	</mission>

	<mission type="QuestionAndAnswer" id="Station_4_1" name="Station 4"
		correctAnswersNeeded="1" shuffle="answers" cancel="fail">
		<onStart>
			<rule>
				<action type="Vibrate" />
			</rule>
		</onStart>
		<onEnd>
			<rule>
				<if>
					<missionState id="Station_4_1" state="success" />
				</if>
				<action type="StartMission" id="Station_4_2" />
			</rule>
			<rule>
				<if>
					<not>
						<missionState id="Station_4_1" state="success" />
					</not>
				</if>
				<action type="StartMission" id="Station_4_1" />
			</rule>
		</onEnd>
		<question>
			<questiontext>
				Wieviele "Backen" könnt Ihr entdecken?
			</questiontext>
			<answer correct="0"
				onChoose="Das stimmt leider nicht. Sucht noch einmal das Flussufer ab! Ihr habt die Backen wohl übersehen. ">
				0
			</answer>
			<answer correct="0"
				onChoose="Das stimmt leider nicht. So viele Backen sind es nicht.">
				5
			</answer>
			<answer correct="1" onChoose="Das ist richtig!">
				3
			</answer>
		</question>
	</mission>

	<mission type="NPCTalk" id="Station_4_2" charimage="drawable/Schatzkarte-4.png"
		nextdialogbuttontext="Weiter ..." endbuttontext="Caching fortfahren..."
		cancel="fail" name="Station 4">
		<onStart>
			<rule>
				<action type="Vibrate" />
				<action type="SetHotspotVisibility" id="HS_Station_4"
					visible="false" />
				<action type="SetHotspotVisibility" id="HS_Station_5"
					visible="true" />
			</rule>
		</onStart>
		<dialogitem>
			Super, Ihr habt für die zwei roten Buchstaben D die Zahl
			erraten! Jetzt fehlen nur noch F und E. Geht nun zur vorletzten 
			Fahne.
		</dialogitem>
	</mission>

	<mission type="QuestionAndAnswer" id="Station_5_1" name="Station 5"
		correctAnswersNeeded="1" shuffle="answers" cancel="fail">
		<onStart>
			<rule>
				<action type="Vibrate" />
			</rule>
		</onStart>
		<onEnd>
			<rule>
				<if>
					<missionState id="Station_5_1" state="success" />
				</if>
				<action type="StartMission" id="Station_5_2" />
			</rule>
			<rule>
				<if>
					<not>
						<missionState id="Station_5_1" state="success" />
					</not>
				</if>
				<action type="StartMission" id="Station_5_1" />
			</rule>
		</onEnd>
		<question>
			<questiontext>
				Findet heraus was über die Wupper gegangen ist und
				zählt nach aus
				wievielen Buchstaben es besteht.
				Welche
				Antwortmöglichkeit entspricht der Buchstabenanzahl + 1?
			</questiontext>
			<answer correct="0"
				onChoose="Das stimmt leider nicht. Das gesuchte Wort hat deutlich weniger Buchstaben!">
				9
			</answer>
			<answer correct="0"
				onChoose="Das stimmt leider nicht. Das gesuchte Wort hat weniger Buchstaben!">
				7
			</answer>
			<answer correct="1" onChoose="Das ist richtig!">
				5
			</answer>
		</question>
	</mission>

	<mission type="NPCTalk" id="Station_5_2" charimage="drawable/Schatzkarte-5.png"
		nextdialogbuttontext="Weiter ..." endbuttontext="Caching fortfahren..."
		cancel="fail" name="Station 5">
		<onStart>
			<rule>
				<action type="Vibrate" />
				<action type="SetHotspotVisibility" id="HS_Station_5"
					visible="false" />
				<action type="SetHotspotVisibility" id="HS_Station_6"
					visible="true" />
			</rule>
		</onStart>
		<dialogitem>
			Super! Noch ein roter Buchstabe und Ihr habt die
			Koordinaten für den Schatz! Begebt Euch nun zur letzten 
			Fahne.
		</dialogitem>
	</mission>


	<mission type="QuestionAndAnswer" id="Station_6_1" name="Station 6"
		correctAnswersNeeded="1" shuffle="answers" cancel="fail">
		<onStart>
			<rule>
				<action type="Vibrate" />
			</rule>
		</onStart>
		<onEnd>
			<rule>
				<if>
					<missionState id="Station_6_1" state="success" />
				</if>
				<action type="StartMission" id="Station_6_2" />
			</rule>
			<rule>
				<if>
					<not>
						<missionState id="Station_6_1" state="success" />
					</not>
				</if>
				<action type="StartMission" id="Station_6_1" />
			</rule>
		</onEnd>
		<question>
			<questiontext>
				Zählt die Anzahl der Kuhlen. Welchen Wert erhält man,
				wenn man die Anzahl
				durch sieben teilt?
			</questiontext>
			<answer correct="0"
				onChoose="Das stimmt leider nicht. So viele Kuhlen hat der Stein nicht.">
				3
			</answer>
			<answer correct="0"
				onChoose="Das stimmt leider nicht. Der Stein hat mehr als 7 Kuhlen.">
				1
			</answer>
			<answer correct="1" onChoose="Das ist richtig!">
				2
			</answer>
		</question>
	</mission>

	<mission type="NPCTalk" id="Station_6_2" charimage="drawable/Schatzkarte-6.png"
		nextdialogbuttontext="Weiter ..." endbuttontext="Caching fortfahren..."
		cancel="fail" name="Station 6">
		<onStart>
			<rule>
				<action type="Vibrate" />
				<action type="SetHotspotVisibility" id="HS_Station_6"
					visible="false" />
				<action type="SetHotspotVisibility" id="HS_Final" visible="true" />
				<action type="SetHotspotVisibility" id="HS_Final_Help"
					visible="true" />
			</rule>
		</onStart>
		<dialogitem>
			Ihr habt den Ort, an dem der Schatz versteckt ist
			gefunden. Er wird
			durch ein Fadenkreuz auf der Karte markiert.
		</dialogitem>
		<dialogitem>
			Begebt euch nun zu dem Fadenkreuz.
		</dialogitem>
	</mission>

	<mission type="QuestionAndAnswer" id="Final" name="Schatz"
		correctAnswersNeeded="1" shuffle="no" cancel="fail">
		<onStart>
			<rule>
				<action type="Vibrate" />
			</rule>
		</onStart>
		<onEnd>
			<rule>
				<if>
					<missionState id="Final" state="success" />
				</if>
				<action type="StartMission" id="Ende" />
			</rule>
		</onEnd>
		<question>
			<questiontext>
				Sucht nun den Schatz, der hier ganz in der Nähe versteckt
				ist. Wenn ihr Ihn
				gefunden habt drückt "Gefunden".
				Falls Ihr Hilfe
				braucht, drückt "Hilfe".
			</questiontext>
			<answer correct="1" onChoose="Herzlichen Glückwunsch zu Eurem Fund!">
				Gefunden!
			</answer>
			<answer correct="0"
				onChoose="Geht zum Erste-Hilfe Zeichen auf der Karte. Dort erhaltet 
				Ihr einen Tip über das Versteck des Schatzes. ">
				Hilfe!
			</answer>
		</question>
	</mission>

	<mission type="NPCTalk" id="Ende" charimage="drawable/logo.png"
		nextdialogbuttontext="Weiter ..." endbuttontext="GeoCaching Demonstration beenden..."
		cancel="fail" name="GeoCaching Ende">
		<onStart>
			<rule>
				<action type="Vibrate" />
			</rule>
		</onStart>
		<onEnd>
			<rule>
				<action type="EndGame" />
			</rule>
		</onEnd>
		<dialogitem>
			Wir hoffen unsere GeoCaching Demonstration hat euch
			gefallen und Spaß
			gemacht! :)
		</dialogitem>
	</mission>

	<mission type="QuestionAndAnswer" id="Final_Help" name="Station 6"
		correctAnswersNeeded="1" shuffle="no" cancel="fail">
		<onStart>
			<rule>
				<action type="Vibrate" />
			</rule>
		</onStart>
		<question>
			<questiontext>
				Seid Ihr Euch wirklich sicher, dass Ihr einen Hinweis
				auf das Versteck
				des Schatzes wollt?
			</questiontext>
			<answer correct="1"
				onChoose="Der Hinweis lautet - Buchen sollst du suchen! Geht jetzt wieder zum Kreuz auf der Karte zurück.">
				Ja!
			</answer>
			<answer correct="0"
				onChoose="Na gut, dann probiert es noch einmal selbst. Geht wieder zum Kreuz auf der Karte zurück.">
				Nein!
			</answer>
		</question>
	</mission>

	<mission type="MapOverview" id="Map_Mission" cancel="no"
		mapkind="satellite" zoomlevel="18">

		<!-- HOTSPOTS START HERE: -->
		<hotspots>

			<hotspot id="HS_Station_1" latitude="51.155867" longitude="7.141565"
				radius="15" initialVisibility="true" img="drawable/Flag_red_center_50.png">
				<onEnter>
					<rule>
						<action type="StartMission" id="Station_1_1" />
					</rule>
				</onEnter>
			</hotspot>
<!--
			<hotspot id="HS_Station_2" latitude="51.159399" longitude="7.134433"
				radius="20" initialVisibility="false" img="drawable/Flag_red_center_50.png">
				<onEnter>
					<rule>
						<if>
							<and>
								<missionState id="Station_1_2" state="success" />
								<missionState id="Station_2_1" state="new" />
							</and>
						</if>
						<action type="StartMission" id="Station_2_1" />
					</rule>
				</onEnter>
			</hotspot>

			<hotspot id="HS_Station_3" latitude="51.156907" longitude="7.136112"
				radius="30" initialVisibility="false" img="drawable/Flag_red_center_50.png">
				<onEnter>
					<rule>
						<if>
							<and>
								<missionState id="Station_2_2" state="success" />
								<missionState id="Station_3_1" state="new" />
							</and>
						</if>
						<action type="StartMission" id="Station_3_1" />
					</rule>
				</onEnter>
			</hotspot>
-->
			<!-- HotSpot is in a river -->
<!--
			<hotspot id="HS_Station_4" latitude="51.155804" longitude="7.135998"
				radius="25" initialVisibility="false" img="drawable/Flag_red_center_50.png">
				<onEnter>
					<rule>
						<if>
							<and>
								<missionState id="Station_3_2" state="success" />
								<missionState id="Station_4_1" state="new" />
							</and>
						</if>
						<action type="StartMission" id="Station_4_1" />
					</rule>
				</onEnter>
			</hotspot>

			<hotspot id="HS_Station_5" latitude="51.153869" longitude="7.135617"
				radius="20" initialVisibility="false" img="drawable/Flag_red_center_50.png">
				<onEnter>
					<rule>
						<if>
							<and>
								<missionState id="Station_4_2" state="success" />
								<missionState id="Station_5_1" state="new" />
							</and>
						</if>
						<action type="StartMission" id="Station_5_1" />
					</rule>
				</onEnter>
			</hotspot>

			<hotspot id="HS_Station_6" latitude="51.152587" longitude="7.135797"
				radius="20" initialVisibility="false" img="drawable/Flag_red_center_50.png">
				<onEnter>
					<rule>
						<if>
							<and>
								<missionState id="Station_5_2" state="success" />
								<missionState id="Station_6_1" state="new" />
							</and>
						</if>
						<action type="StartMission" id="Station_6_1" />
					</rule>
				</onEnter>
			</hotspot>
-->
			<hotspot id="HS_Final" latitude="51.153923" longitude="7.140617"
				radius="20" initialVisibility="false" img="drawable/Fadenkreuz_rot_50.png">
				<onEnter>
					<rule>
						<if>
							<and>
								<missionState id="Station_1_2" state="success" />
								<not><missionState id="Final" state="running" /></not>
							</and>
						</if>
						<action type="StartMission" id="Final" />
					</rule>
				</onEnter>
			</hotspot>

			<hotspot id="HS_Final_Help" latitude="51.154236" longitude="7.140574"
				radius="20" initialVisibility="false" img="drawable/Erste_hilfe_blau_40.png">
				<onEnter>
					<rule>
						<if>
							<and>
								<missionState id="Station_1_2" state="success" />
								<not><missionState id="Final_Help" state="running" /></not>
							</and>
						</if>
						<action type="StartMission" id="Final_Help" />
					</rule>
				</onEnter>
			</hotspot>

		</hotspots>
	</mission>
</game>
